PLATFORM_NUMBER,time,latitude,longitude,PRES,TEMP,PSAL
,UTC,degrees_north,degrees_east,decibar,degree_Celsius,PSU
2903951,2025-04-21T12:52:00Z,-3.5143516666666668,80.62884166666667,2.5,29.684,34.751
2903951,2025-04-21T12:52:00Z,-3.5143516666666668,80.62884166666667,3.5,29.684,34.752
2903951,2025-04-21T12:52:00Z,-3.5143516666666668,80.62884166666667,4.5,29.684,34.752
2903951,2025-04-21T12:52:00Z,-3.5143516666666668,80.62884166666667,5.5,29.685,34.752
2903951,2025-04-21T12:52:00Z,-3.5143516666666668,80.62884166666667,6.6,29.68,34.751
2903951,2025-04-21T12:52:00Z,-3.5143516666666668,80.62884166666667,7.6,29.674,34.751
2903951,2025-04-21T12:52:00Z,-3.5143516666666668,80.62884166666667,8.6,29.676,34.75
2903951,2025-04-21T12:52:00Z,-3.5143516666666668,80.62884166666667,9.5,29.665,34.752
2903951,2025-04-21T12:52:00Z,-3.5143516666666668,80.62884166666667,10.5,29.661,34.75
2903951,2025-04-21T12:52:00Z,-3.5143516666666668,80.62884166666667,11.5,29.645,34.751
2903951,2025-04-21T12:52:00Z,-3.5143516666666668,80.62884166666667,12.5,29.624,34.752
2903951,2025-04-21T12:52:00Z,-3.5143516666666668,80.62884166666667,13.5,29.609,34.751
2903951,2025-04-21T12:52:00Z,-3.5143516666666668,80.62884166666667,14.6,29.6,34.75
2903951,2025-04-21T12:52:00Z,-3.5143516666666668,80.62884166666667,15.5,29.595,34.752
2903951,2025-04-21T12:52:00Z,-3.5143516666666668,80.62884166666667,16.4,29.559,34.755
2903951,2025-04-21T12:52:00Z,-3.5143516666666668,80.62884166666667,17.5,29.545,34.755
2903951,2025-04-21T12:52:00Z,-3.5143516666666668,80.62884166666667,18.6,29.52,34.76
2903951,2025-04-21T12:52:00Z,-3.5143516666666668,80.62884166666667,19.6,29.494,34.766
2903951,2025-04-21T12:52:00Z,-3.5143516666666668,80.62884166666667,25.3,29.381,34.799
2903951,2025-04-21T12:52:00Z,-3.5143516666666668,80.62884166666667,35.2,29.175,34.864
2903951,2025-04-21T12:52:00Z,-3.5143516666666668,80.62884166666667,44.9,28.816,34.929
2903951,2025-04-21T12:52:00Z,-3.5143516666666668,80.62884166666667,54.9,27.544,35.049
2903951,2025-04-21T12:52:00Z,-3.5143516666666668,80.62884166666667,65.3,26.505,35.091
2903951,2025-04-21T12:52:00Z,-3.5143516666666668,80.62884166666667,75.0,25.795,35.102
2903951,2025-04-21T12:52:00Z,-3.5143516666666668,80.62884166666667,85.1,24.649,35.116
2903951,2025-04-21T12:52:00Z,-3.5143516666666668,80.62884166666667,95.1,23.304,35.166
2903951,2025-04-21T12:52:00Z,-3.5143516666666668,80.62884166666667,105.3,21.984,35.189
2903951,2025-04-21T12:52:00Z,-3.5143516666666668,80.62884166666667,115.2,20.921,35.198
2903951,2025-04-21T12:52:00Z,-3.5143516666666668,80.62884166666667,125.3,19.346,35.148
2903951,2025-04-21T12:52:00Z,-3.5143516666666668,80.62884166666667,135.1,18.044,35.035
2903951,2025-04-21T12:52:00Z,-3.5143516666666668,80.62884166666667,144.6,16.384,34.985
2903951,2025-04-21T12:52:00Z,-3.5143516666666668,80.62884166666667,154.9,15.941,35.018
2903951,2025-04-21T12:52:00Z,-3.5143516666666668,80.62884166666667,165.0,15.543,35.04
2903951,2025-04-21T12:52:00Z,-3.5143516666666668,80.62884166666667,174.8,14.649,35.026
2903951,2025-04-21T12:52:00Z,-3.5143516666666668,80.62884166666667,184.8,14.136,35.031
2903951,2025-04-21T12:52:00Z,-3.5143516666666668,80.62884166666667,194.7,13.354,35.022
2903951,2025-04-21T12:52:00Z,-3.5143516666666668,80.62884166666667,210.0,13.159,35.031
2903951,2025-04-21T12:52:00Z,-3.5143516666666668,80.62884166666667,230.3,12.821,35.058
2903951,2025-04-21T12:52:00Z,-3.5143516666666668,80.62884166666667,250.0,12.441,35.048
2903951,2025-04-21T12:52:00Z,-3.5143516666666668,80.62884166666667,270.3,12.096,35.033
2903951,2025-04-21T12:52:00Z,-3.5143516666666668,80.62884166666667,290.0,11.796,35.019
2903951,2025-04-21T12:52:00Z,-3.5143516666666668,80.62884166666667,309.8,11.603,35.01
2903951,2025-04-21T12:52:00Z,-3.5143516666666668,80.62884166666667,330.1,11.343,35.004
2903951,2025-04-21T12:52:00Z,-3.5143516666666668,80.62884166666667,350.3,10.96,34.968
2903951,2025-04-21T12:52:00Z,-3.5143516666666668,80.62884166666667,369.8,10.749,34.954
2903951,2025-04-21T12:52:00Z,-3.5143516666666668,80.62884166666667,390.0,10.561,34.942
2903951,2025-04-21T12:52:00Z,-3.5143516666666668,80.62884166666667,410.1,10.362,34.941
2903951,2025-04-21T12:52:00Z,-3.5143516666666668,80.62884166666667,430.1,10.168,34.923
2903951,2025-04-21T12:52:00Z,-3.5143516666666668,80.62884166666667,450.2,9.925,34.897
2903951,2025-04-21T12:52:00Z,-3.5143516666666668,80.62884166666667,470.2,9.754,34.893
2903951,2025-04-21T12:52:00Z,-3.5143516666666668,80.62884166666667,490.2,9.563,34.882
2903951,2025-04-21T12:52:00Z,-3.5143516666666668,80.62884166666667,512.3,9.333,34.87
2903951,2025-04-21T12:52:00Z,-3.5143516666666668,80.62884166666667,537.5,9.127,34.869
2903951,2025-04-21T12:52:00Z,-3.5143516666666668,80.62884166666667,562.7,8.911,34.876
2903951,2025-04-21T12:52:00Z,-3.5143516666666668,80.62884166666667,587.6,8.697,34.883
2903951,2025-04-21T12:52:00Z,-3.5143516666666668,80.62884166666667,612.8,8.622,34.894
2903951,2025-04-21T12:52:00Z,-3.5143516666666668,80.62884166666667,637.4,8.343,34.876
2903951,2025-04-21T12:52:00Z,-3.5143516666666668,80.62884166666667,662.4,8.123,34.864
2903951,2025-04-21T12:52:00Z,-3.5143516666666668,80.62884166666667,687.5,8.073,34.876
2903951,2025-04-21T12:52:00Z,-3.5143516666666668,80.62884166666667,712.6,7.883,34.861
2903951,2025-04-21T12:52:00Z,-3.5143516666666668,80.62884166666667,737.5,7.76,34.867
2903951,2025-04-21T12:52:00Z,-3.5143516666666668,80.62884166666667,762.6,7.815,34.907
2903951,2025-04-21T12:52:00Z,-3.5143516666666668,80.62884166666667,787.5,7.752,34.928
2903951,2025-04-21T12:52:00Z,-3.5143516666666668,80.62884166666667,812.4,7.58,34.918
2903951,2025-04-21T12:52:00Z,-3.5143516666666668,80.62884166666667,837.5,7.409,34.913
2903951,2025-04-21T12:52:00Z,-3.5143516666666668,80.62884166666667,862.7,7.394,34.938
2903951,2025-04-21T12:52:00Z,-3.5143516666666668,80.62884166666667,887.6,7.28,34.931
2903951,2025-04-21T12:52:00Z,-3.5143516666666668,80.62884166666667,912.5,7.104,34.914
2903951,2025-04-21T12:52:00Z,-3.5143516666666668,80.62884166666667,937.4,6.947,34.904
2903951,2025-04-21T12:52:00Z,-3.5143516666666668,80.62884166666667,962.3,6.651,34.874
2903951,2025-04-21T12:52:00Z,-3.5143516666666668,80.62884166666667,987.3,6.291,34.839
2903951,2025-04-21T12:52:00Z,-3.5143516666666668,80.62884166666667,1024.9,6.14,34.84
2903951,2025-04-21T12:52:00Z,-3.5143516666666668,80.62884166666667,1075.1,5.85,34.835
2903951,2025-04-21T12:52:00Z,-3.5143516666666668,80.62884166666667,1124.8,5.646,34.834
2903951,2025-04-21T12:52:00Z,-3.5143516666666668,80.62884166666667,1175.1,5.403,34.827
2903951,2025-04-21T12:52:00Z,-3.5143516666666668,80.62884166666667,1225.0,5.244,34.826
2903951,2025-04-21T12:52:00Z,-3.5143516666666668,80.62884166666667,1276.8,4.921,34.807
2903951,2025-04-21T12:52:00Z,-3.5143516666666668,80.62884166666667,1324.7,4.704,34.806
2903951,2025-04-21T12:52:00Z,-3.5143516666666668,80.62884166666667,1374.8,4.515,34.807
2903951,2025-04-21T12:52:00Z,-3.5143516666666668,80.62884166666667,1424.9,4.279,34.802
2903951,2025-04-21T12:52:00Z,-3.5143516666666668,80.62884166666667,1476.0,4.059,34.8
2903951,2025-04-21T12:52:00Z,-3.5143516666666668,80.62884166666667,1524.4,3.838,34.796
2903951,2025-04-21T12:52:00Z,-3.5143516666666668,80.62884166666667,1574.9,3.665,34.793
2903951,2025-04-21T12:52:00Z,-3.5143516666666668,80.62884166666667,1624.8,3.546,34.791
2903951,2025-04-21T12:52:00Z,-3.5143516666666668,80.62884166666667,1675.8,3.385,34.787
2903951,2025-04-21T12:52:00Z,-3.5143516666666668,80.62884166666667,1724.6,3.246,34.785
2903951,2025-04-21T12:52:00Z,-3.5143516666666668,80.62884166666667,1774.8,3.088,34.78
2903951,2025-04-21T12:52:00Z,-3.5143516666666668,80.62884166666667,1825.5,2.925,34.777
2903951,2025-04-21T12:52:00Z,-3.5143516666666668,80.62884166666667,1875.1,2.82,34.774
2903951,2025-04-21T12:52:00Z,-3.5143516666666668,80.62884166666667,1925.5,2.723,34.772
2903951,2025-04-21T12:52:00Z,-3.5143516666666668,80.62884166666667,1963.2,2.628,34.769
7902250,2025-04-23T13:28:00Z,-1.7322816666666667,85.17659333333333,2.5,30.083,34.519
7902250,2025-04-23T13:28:00Z,-1.7322816666666667,85.17659333333333,3.5,30.083,34.519
7902250,2025-04-23T13:28:00Z,-1.7322816666666667,85.17659333333333,4.5,30.08,34.518
7902250,2025-04-23T13:28:00Z,-1.7322816666666667,85.17659333333333,5.5,30.071,34.515
7902250,2025-04-23T13:28:00Z,-1.7322816666666667,85.17659333333333,6.5,30.037,34.519
7902250,2025-04-23T13:28:00Z,-1.7322816666666667,85.17659333333333,7.6,29.964,34.518
7902250,2025-04-23T13:28:00Z,-1.7322816666666667,85.17659333333333,8.5,29.935,34.515
7902250,2025-04-23T13:28:00Z,-1.7322816666666667,85.17659333333333,9.4,29.919,34.515
7902250,2025-04-23T13:28:00Z,-1.7322816666666667,85.17659333333333,10.5,29.908,34.512
7902250,2025-04-23T13:28:00Z,-1.7322816666666667,85.17659333333333,11.5,29.86,34.514
7902250,2025-04-23T13:28:00Z,-1.7322816666666667,85.17659333333333,12.5,29.821,34.512
7902250,2025-04-23T13:28:00Z,-1.7322816666666667,85.17659333333333,13.5,29.817,34.511
7902250,2025-04-23T13:28:00Z,-1.7322816666666667,85.17659333333333,14.4,29.815,34.511
7902250,2025-04-23T13:28:00Z,-1.7322816666666667,85.17659333333333,15.5,29.813,34.511
7902250,2025-04-23T13:28:00Z,-1.7322816666666667,85.17659333333333,16.5,29.811,34.511
7902250,2025-04-23T13:28:00Z,-1.7322816666666667,85.17659333333333,17.5,29.81,34.511
7902250,2025-04-23T13:28:00Z,-1.7322816666666667,85.17659333333333,18.4,29.809,34.511
7902250,2025-04-23T13:28:00Z,-1.7322816666666667,85.17659333333333,19.5,29.807,34.511
7902250,2025-04-23T13:28:00Z,-1.7322816666666667,85.17659333333333,25.0,29.801,34.511
7902250,2025-04-23T13:28:00Z,-1.7322816666666667,85.17659333333333,35.0,29.787,34.515
7902250,2025-04-23T13:28:00Z,-1.7322816666666667,85.17659333333333,45.1,29.699,34.539
7902250,2025-04-23T13:28:00Z,-1.7322816666666667,85.17659333333333,54.8,29.386,34.575
7902250,2025-04-23T13:28:00Z,-1.7322816666666667,85.17659333333333,64.8,28.035,34.752
7902250,2025-04-23T13:28:00Z,-1.7322816666666667,85.17659333333333,75.0,26.266,35.026
7902250,2025-04-23T13:28:00Z,-1.7322816666666667,85.17659333333333,84.9,24.109,35.066
7902250,2025-04-23T13:28:00Z,-1.7322816666666667,85.17659333333333,94.8,21.608,35.111
7902250,2025-04-23T13:28:00Z,-1.7322816666666667,85.17659333333333,104.9,20.41,35.156
7902250,2025-04-23T13:28:00Z,-1.7322816666666667,85.17659333333333,115.1,19.872,35.168
7902250,2025-04-23T13:28:00Z,-1.7322816666666667,85.17659333333333,125.2,19.171,35.174
7902250,2025-04-23T13:28:00Z,-1.7322816666666667,85.17659333333333,135.3,18.392,35.168
7902250,2025-04-23T13:28:00Z,-1.7322816666666667,85.17659333333333,145.1,17.703,35.153
7902250,2025-04-23T13:28:00Z,-1.7322816666666667,85.17659333333333,155.0,16.968,35.148
7902250,2025-04-23T13:28:00Z,-1.7322816666666667,85.17659333333333,165.1,16.314,35.123
7902250,2025-04-23T13:28:00Z,-1.7322816666666667,85.17659333333333,175.1,15.344,35.117
7902250,2025-04-23T13:28:00Z,-1.7322816666666667,85.17659333333333,185.0,14.496,35.117
7902250,2025-04-23T13:28:00Z,-1.7322816666666667,85.17659333333333,195.1,13.766,35.093
7902250,2025-04-23T13:28:00Z,-1.7322816666666667,85.17659333333333,210.1,13.205,35.088
7902250,2025-04-23T13:28:00Z,-1.7322816666666667,85.17659333333333,230.2,12.705,35.068
7902250,2025-04-23T13:28:00Z,-1.7322816666666667,85.17659333333333,250.0,12.122,35.03
7902250,2025-04-23T13:28:00Z,-1.7322816666666667,85.17659333333333,270.1,12.002,35.044
7902250,2025-04-23T13:28:00Z,-1.7322816666666667,85.17659333333333,290.0,11.788,35.026
7902250,2025-04-23T13:28:00Z,-1.7322816666666667,85.17659333333333,309.8,11.456,35.02
7902250,2025-04-23T13:28:00Z,-1.7322816666666667,85.17659333333333,330.0,11.368,35.022
7902250,2025-04-23T13:28:00Z,-1.7322816666666667,85.17659333333333,350.0,11.207,35.016
7902250,2025-04-23T13:28:00Z,-1.7322816666666667,85.17659333333333,370.3,10.935,35.007
7902250,2025-04-23T13:28:00Z,-1.7322816666666667,85.17659333333333,390.1,10.804,35.003
7902250,2025-04-23T13:28:00Z,-1.7322816666666667,85.17659333333333,410.1,10.736,35.001
7902250,2025-04-23T13:28:00Z,-1.7322816666666667,85.17659333333333,430.0,10.615,34.986
7902250,2025-04-23T13:28:00Z,-1.7322816666666667,85.17659333333333,449.9,10.454,34.973
7902250,2025-04-23T13:28:00Z,-1.7322816666666667,85.17659333333333,470.4,10.389,34.967
7902250,2025-04-23T13:28:00Z,-1.7322816666666667,85.17659333333333,490.3,10.107,34.957
7902250,2025-04-23T13:28:00Z,-1.7322816666666667,85.17659333333333,512.3,9.949,34.949
7902250,2025-04-23T13:28:00Z,-1.7322816666666667,85.17659333333333,537.2,9.85,34.951
7902250,2025-04-23T13:28:00Z,-1.7322816666666667,85.17659333333333,562.5,9.683,34.952
7902250,2025-04-23T13:28:00Z,-1.7322816666666667,85.17659333333333,587.5,9.576,34.963
7902250,2025-04-23T13:28:00Z,-1.7322816666666667,85.17659333333333,612.4,9.537,34.979
7902250,2025-04-23T13:28:00Z,-1.7322816666666667,85.17659333333333,637.7,9.473,34.986
7902250,2025-04-23T13:28:00Z,-1.7322816666666667,85.17659333333333,662.5,9.274,34.981
7902250,2025-04-23T13:28:00Z,-1.7322816666666667,85.17659333333333,687.3,9.085,34.986
7902250,2025-04-23T13:28:00Z,-1.7322816666666667,85.17659333333333,712.4,8.772,34.981
7902250,2025-04-23T13:28:00Z,-1.7322816666666667,85.17659333333333,737.7,8.572,34.99
7902250,2025-04-23T13:28:00Z,-1.7322816666666667,85.17659333333333,762.5,8.396,34.973
7902250,2025-04-23T13:28:00Z,-1.7322816666666667,85.17659333333333,787.5,8.212,34.967
7902250,2025-04-23T13:28:00Z,-1.7322816666666667,85.17659333333333,812.6,7.997,34.972
7902250,2025-04-23T13:28:00Z,-1.7322816666666667,85.17659333333333,837.7,7.896,34.979
7902250,2025-04-23T13:28:00Z,-1.7322816666666667,85.17659333333333,862.7,7.765,34.972
7902250,2025-04-23T13:28:00Z,-1.7322816666666667,85.17659333333333,887.5,7.682,34.977
7902250,2025-04-23T13:28:00Z,-1.7322816666666667,85.17659333333333,912.4,7.501,34.955
7902250,2025-04-23T13:28:00Z,-1.7322816666666667,85.17659333333333,937.8,7.108,34.922
7902250,2025-04-23T13:28:00Z,-1.7322816666666667,85.17659333333333,962.9,6.873,34.917
7902250,2025-04-23T13:28:00Z,-1.7322816666666667,85.17659333333333,987.4,6.734,34.917
7902250,2025-04-23T13:28:00Z,-1.7322816666666667,85.17659333333333,1024.6,6.577,34.914
7902250,2025-04-23T13:28:00Z,-1.7322816666666667,85.17659333333333,1074.8,6.337,34.902
7902250,2025-04-23T13:28:00Z,-1.7322816666666667,85.17659333333333,1125.1,6.086,34.885
7902250,2025-04-23T13:28:00Z,-1.7322816666666667,85.17659333333333,1175.7,5.899,34.886
7902250,2025-04-23T13:28:00Z,-1.7322816666666667,85.17659333333333,1225.3,5.655,34.87
7902250,2025-04-23T13:28:00Z,-1.7322816666666667,85.17659333333333,1274.7,5.309,34.848
7902250,2025-04-23T13:28:00Z,-1.7322816666666667,85.17659333333333,1324.7,5.066,34.84
7902250,2025-04-23T13:28:00Z,-1.7322816666666667,85.17659333333333,1374.8,4.83,34.828
7902250,2025-04-23T13:28:00Z,-1.7322816666666667,85.17659333333333,1424.8,4.598,34.821
7902250,2025-04-23T13:28:00Z,-1.7322816666666667,85.17659333333333,1474.5,4.337,34.811
7902250,2025-04-23T13:28:00Z,-1.7322816666666667,85.17659333333333,1525.2,4.113,34.811
7902250,2025-04-23T13:28:00Z,-1.7322816666666667,85.17659333333333,1574.8,3.907,34.807
7902250,2025-04-23T13:28:00Z,-1.7322816666666667,85.17659333333333,1625.3,3.678,34.8
7902250,2025-04-23T13:28:00Z,-1.7322816666666667,85.17659333333333,1675.6,3.533,34.798
7902250,2025-04-23T13:28:00Z,-1.7322816666666667,85.17659333333333,1726.0,3.43,34.794
7902250,2025-04-23T13:28:00Z,-1.7322816666666667,85.17659333333333,1774.6,3.281,34.788
7902250,2025-04-23T13:28:00Z,-1.7322816666666667,85.17659333333333,1825.2,3.151,34.783
7902250,2025-04-23T13:28:00Z,-1.7322816666666667,85.17659333333333,1875.0,2.983,34.776
7902250,2025-04-23T13:28:00Z,-1.7322816666666667,85.17659333333333,1925.2,2.861,34.771
7902250,2025-04-23T13:28:00Z,-1.7322816666666667,85.17659333333333,1967.4,2.761,34.767
